uuid,filename
c07ac370-501c-43a3-9b8d-7e146cae5e7a,arrangingflowers.jpg
3c06a1ed-50dd-43d2-a7ca-272928947840,redhaze.png
73b902e5-f64b-45e7-bc08-ea5a5d2c2881,sunshine.png
e3fc0406-3bbe-44e8-a80d-220243f8aa2a,everlasting.png
90510016-48de-436e-a269-1094c287bb59,logo.png
555045e1-8e5d-4446-ab6b-f7b748292f08,flowers.jpg
97475146-c60a-490b-9bec-e314a8ae8c82,topbloemen.jpg
7d95593d-9449-40e9-8690-2533fa814469,roses.jpg
2d5ee557-1b19-4448-9e1c-919cb6c1c2d2,flowerarrangement.jpg
5f8dcd10-1c3a-47d8-870a-18fcfe43618f,everlasting.jpg
d7b09e01-0d9d-4478-a71f-07d5d30d5fb5,pieces.jpg
